{
  "type": {
    "name": "minecraft:overworld",
    "ultrawarm": false,
    "natural": true,
    "piglin_safe": false,
    "respawn_anchor_works": false,
    "bed_works": true,
    "has_raids": true,
    "has_skylight": true,
    "has_ceiling": false,
    "coordinate_scale": 1,
    "ambient_light": 0,
    "logical_height": 1024,
    "infiniburn": "minecraft:infiniburn_overworld",
    "min_y": -512,
    "height": 1024
  },
  "generator": {
    "type": "minecraft:noise",
    "seed": -371745186,
    "biome_source": {
      "type": "minecraft:vanilla_layered",
      "seed": -371745186,
      "large_biomes": true
    },
    "settings": {
      "name": "minecraft:overworld",
      "bedrock_roof_position": -10,
      "bedrock_floor_position": 0,
      "sea_level": 63,
      "disable_mob_generation": false,
      "default_block": {
        "Name": "minecraft:stone"
      },
      "default_fluid": {
        "Name": "minecraft:water",
        "Properties": {
          "level": "0"
        }
      },
      "noise": {
        "min_y": -512,
        "height": 1024,
        "density_factor": 1,
        "density_offset": -0.46875,
        "size_horizontal": 1,
        "size_vertical": 2,
        "simplex_surface_noise": true,
        "random_density_offset": true,
        "sampling": {
          "xz_scale": 1,
          "y_scale": 1,
          "xz_factor": 80,
          "y_factor": 160
        },
        "bottom_slide": {
          "target": -30,
          "size": 0,
          "offset": 0
        },
        "top_slide": {
          "target": -10,
          "size": 3,
          "offset": 0
        }
      },
      "structures": {
        "structures": {}
      }
    }
  }
}