{
  "type": {
    "name": "minecraft:overworld",
    "ultrawarm": false,
    "natural": true,
    "piglin_safe": false,
    "respawn_anchor_works": false,
    "bed_works": true,
    "has_raids": true,
    "has_skylight": true,
    "has_ceiling": false,
    "coordinate_scale": 1,
    "ambient_light": 0,
    "logical_height": 1024,
    "infiniburn": "minecraft:infiniburn_overworld",
    "min_y": -512,
    "height": 1024
  },
  "generator": {
    "type": "minecraft:noise",
    "seed": -371745186,
    "biome_source": {
      "type": "minecraft:vanilla_layered",
      "seed": -371745186,
      "large_biomes": true
    },
    "settings": {
      "name": "minecraft:overworld",
      "bedrock_roof_position": -10,
      "bedrock_floor_position": 0,
      "sea_level": 63,
      "disable_mob_generation": false,
      "default_block": {
        "Name": "minecraft:stone"
      },
      "default_fluid": {
        "Name": "minecraft:water",
        "Properties": {
          "level": "0"
        }
      },
      "noise": {
        "min_y": -512,
        "height": 1024,
        "density_factor": 1,
        "density_offset": -0.46875,
        "size_horizontal": 1,
        "size_vertical": 2,
        "simplex_surface_noise": true,
        "random_density_offset": true,
        "sampling": {
          "xz_scale": 1,
          "y_scale": 1,
          "xz_factor": 80,
          "y_factor": 160
        },
        "bottom_slide": {
          "target": -30,
          "size": 0,
          "offset": 0
        },
        "top_slide": {
          "target": -10,
          "size": 3,
          "offset": 0
        }
      },
      "structures": {
			"structures": {
			  "minecraft:buried_treasure": {
				"spacing": 1,
				"separation": 0,
				"salt": 0
			  },
			  "minecraft:ruined_portal": {
				"spacing": 40,
				"separation": 15,
				"salt": 34222645
			  },
			  "minecraft:mansion": {
				"spacing": 80,
				"separation": 20,
				"salt": 10387319
			  },
			  "minecraft:nether_fossil": {
				"spacing": 2,
				"separation": 1,
				"salt": 14357921
			  },
			  "minecraft:endcity": {
				"spacing": 20,
				"separation": 11,
				"salt": 10387313
			  },
			  "minecraft:igloo": {
				"spacing": 32,
				"separation": 8,
				"salt": 14357618
			  },
			  "minecraft:fortress": {
				"spacing": 27,
				"separation": 4,
				"salt": 30084232
			  },
			  "minecraft:bastion_remnant": {
				"spacing": 27,
				"separation": 4,
				"salt": 30084232
			  },
			  "minecraft:swamp_hut": {
				"spacing": 32,
				"separation": 8,
				"salt": 14357620
			  },
			  "minecraft:monument": {
				"spacing": 32,
				"separation": 5,
				"salt": 10387313
			  },
			  "minecraft:pillager_outpost": {
				"spacing": 32,
				"separation": 8,
				"salt": 165745296
			  },
			  "minecraft:ocean_ruin": {
				"spacing": 20,
				"separation": 8,
				"salt": 14357621
			  },
			  "minecraft:mineshaft": {
				"spacing": 1,
				"separation": 0,
				"salt": 0
			  },
			  "minecraft:village": {
				"spacing": 32,
				"separation": 8,
				"salt": 10387312
			  },
			  "minecraft:shipwreck": {
				"spacing": 24,
				"separation": 4,
				"salt": 165745295
			  },
			  "minecraft:desert_pyramid": {
				"spacing": 32,
				"separation": 8,
				"salt": 14357617
			  },
			  "minecraft:stronghold": {
				"spacing": 1,
				"separation": 0,
				"salt": 0
			  },
			  "minecraft:jungle_pyramid": {
				"spacing": 32,
				"separation": 8,
				"salt": 14357619
			 }
			}
		  },
		}
    
	}
}
